cd_mun,nm_mun,qtd_criancas,qtd_criancas_pct,qtd_adolescentes,qtd_adolescentes_pct,qtd_idosos,qtd_idosos_pct,renda_media_responsavel
2900108,Abaíra,685,0.09382276400493084,838,0.11477879742501028,1962,0.26873031091631283,1341.85
2900207,Abaré,2846,0.16134701513691252,3227,0.18294687907477747,2234,0.12665117070128692,1142.09
2900306,Acajutiba,1826,0.1323667995650598,2339,0.16955418629938385,2285,0.16563972453787604,1194.77
2900355,Adustina,1672,0.11773818745158791,2138,0.15055277797338215,2297,0.16174917259347935,1241.24
2900405,Água Fria,1835,0.12657791267158722,2129,0.14685797061460992,2656,0.1832103193764227,1130.53
2900504,Érico Cardoso,1153,0.10873255375330064,1434,0.13523198792908336,1991,0.18775933609958506,1365.89
2900603,Aiquara,564,0.12682707443220148,639,0.14369237688329212,851,0.1913649651450416,1333.3
2900702,Alagoinhas,19769,0.13087286087848796,20706,0.13707589950680216,21852,0.14466254013438815,2012.92
2900801,Alcobaça,3709,0.15120260905014268,3881,0.15821443130860172,3793,0.15462698736241337,1416.74
2900900,Almadina,640,0.12265235722499042,680,0.1303181295515523,1161,0.22249904177845917,1384.18
2901007,Amargosa,4642,0.12710495331453137,5342,0.14627200788587388,5912,0.16187946660825278,1467.94
2901106,Amélia Rodrigues,2943,0.12192393736017897,3619,0.14992957162979534,3984,0.1650509569972657,1404.4
2901155,América Dourada,2175,0.14368765277135495,2717,0.1794939552090903,2294,0.15154918411838542,1134.17
2901205,Anagé,2885,0.11341300416699426,3654,0.14364336818932305,5435,0.21365673401997012,1160.03
2901304,Andaraí,1770,0.1353211009174312,2151,0.16444954128440367,2021,0.15451070336391437,1300.64
2901353,Andorinha,1860,0.12390087929656275,2138,0.14241939781508126,2420,0.16120436983746336,1295.08
2901403,Angical,1907,0.1388727060879697,2175,0.15838916399650452,2298,0.16734634430527234,1366.17
2901502,Anguera,1299,0.11775904269785151,1515,0.13734022300788687,1847,0.16743722237331157,1230.45
2901601,Antas,1513,0.10650429396029847,1778,0.12515838378150076,2603,0.18323243699845135,1389.52
2901700,Antônio Cardoso,1539,0.1380764399784676,1864,0.1672348824690472,1693,0.15189305580477303,1214.89
2901809,Antônio Gonçalves,1426,0.13128337322776654,1654,0.1522739826919536,1705,0.1569692505984165,1317.14
2901908,Aporá,2045,0.12843863836201483,2530,0.15889963572415525,2770,0.17397311895490516,1194.99
2901957,Apuarema,930,0.13452914798206278,1069,0.1546361926804571,1282,0.18544770721828438,1331.51
2902005,Aracatu,1669,0.1197617680826636,1939,0.13913605051664754,2765,0.1984070034443169,1223.83
2902054,Araçás,1635,0.14147270052781863,1997,0.1727957082287791,1400,0.12113870381586916,1261.29
2902104,Araci,6568,0.13600033130409575,8175,0.16927568642067337,7211,0.14931461465192364,1108.69
2902203,Aramari,1307,0.13291975999186414,1432,0.1456320553239093,1487,0.15122546527000916,1282.55
2902252,Arataca,1379,0.1353154744382298,1675,0.16436071043077224,1577,0.15474438229810616,1195.41
2902302,Aratuípe,1262,0.14544197303215398,1298,0.14959087242134378,1173,0.13518497176443472,1093.58
2902401,Aurelino Leal,1684,0.15063959209231595,1909,0.1707666159763843,1747,0.1562751587798551,1301.59
2902500,Baianópolis,1913,0.14051711473483178,2172,0.15954164830321726,2197,0.16137799324225063,1417.42
2902609,Baixa Grande,2141,0.11750823271130625,2977,0.16339187705817781,3474,0.19066959385290888,1204.74
2902658,Banzaê,1683,0.14074259909683895,2071,0.173189496571333,1901,0.15897307242013714,1217.41
2902708,Barra,8684,0.16996790104125892,9529,0.18650669380724966,6362,0.12452047287246536,1271.62
2902807,Barra da Estiva,3690,0.14178129562744948,3956,0.15200184430953662,3413,0.1311380926765542,1380.56
2902906,Barra do Choça,5399,0.1477599277484332,5933,0.16237444921864308,5219,0.14283368455622758,1311.47
2903003,Barra do Mendes,1669,0.12062734894478173,2066,0.14932061289389997,2813,0.20331020526163632,1414.74
2903102,Barra do Rocha,741,0.12831168831168832,898,0.1554978354978355,1010,0.1748917748917749,1341.99
2903201,Barreiras,23909,0.14968009315486996,24691,0.1545757321547072,15953,0.09987228767826511,2594.29
2903235,Barro Alto,1674,0.12443321192299116,2161,0.16063331598899874,2213,0.16449862484204267,1200.57
2903276,Barrocas,2064,0.13576267841873316,2438,0.16036308623298035,2084,0.13707820824837202,1173.9
2903300,Barro Preto,697,0.11949254243099605,820,0.14057946168352478,1104,0.18926795816903824,1324.53
2903409,Belmonte,3009,0.14954525123005816,3316,0.16480294219969185,3113,0.15471398041846826,1574.58
2903508,Belo Campo,2317,0.12584184227677603,2728,0.14816424071257875,3601,0.1955789702368021,1227.96
2903607,Biritinga,1999,0.13198204146309256,2306,0.15225141951670407,2521,0.16644658655750694,1119.25
2903706,Boa Nova,1745,0.12746530314097881,2151,0.15712198685171658,2721,0.19875821767713658,1194.73
2903805,Boa Vista do Tupim,2232,0.13228234457417176,2962,0.17554673146446986,2938,0.17412434066259705,1095.82
2903904,Bom Jesus da Lapa,10104,0.15414187643020594,11042,0.16845156369183828,8407,0.12825324180015255,1694.13
2903953,Bom Jesus da Serra,1195,0.12281603288797534,1557,0.16002055498458376,1749,0.17975334018499486,1092.47
2904001,Boninal,1885,0.13837909264425194,1988,0.1459403905447071,2477,0.1818382029070621,1268.6
2904050,Bonito,2569,0.1621433981317849,2709,0.17097955061853068,1659,0.10470840696793739,1172.58
2904100,Boquira,2509,0.12985198219646,2792,0.1444984991201739,3799,0.1966152572197495,1203.34
2904209,Botuporã,1321,0.11982946298984035,1535,0.13924165457184326,2047,0.18568577648766327,1203.35
2904308,Brejões,1605,0.12400525380514564,2067,0.1597002240593371,2335,0.1804063972803832,1190.64
2904407,Brejolândia,1117,0.12263943785682917,1345,0.1476723759332455,1823,0.20015371102327625,1286.02
2904506,Brotas de Macaúbas,1484,0.12613684657883553,1770,0.1504462388440289,2537,0.21563960900977475,1286.29
2904605,Brumado,8660,0.12281945823287477,9471,0.1343213728549142,11438,0.16221812508863992,1803.28
2904704,Buerarema,1855,0.12530397189948664,2184,0.14752769521750878,3067,0.20717373682788437,1461.3
2904753,Buritirama,3082,0.15733319720251163,3450,0.17611925059982644,2541,0.12971565674613303,1111.31
2904803,Caatiba,719,0.11587429492344883,926,0.1492344883158743,1142,0.18404512489927477,1280.63
2904852,Cabaceiras do Paraguaçu,2423,0.14632526118726977,2992,0.18068723956760674,2264,0.13672323207923184,1182.57
2904902,Cachoeira,3681,0.12584615384615386,4241,0.144991452991453,4677,0.1598974358974359,1478.69
2905008,Caculé,2807,0.12496661027513133,2866,0.12759326863146647,4138,0.18422224200872586,1608.09
2905107,Caém,1398,0.13463020030816641,1763,0.1697804314329738,1739,0.16746918335901387,1273.28
2905156,Caetanos,1322,0.11734422155157109,1682,0.14929877507544825,2126,0.18870939108823007,1132.6
2905206,Caetité,6481,0.1246058601861109,7274,0.13985234176728448,8623,0.1657886641544259,1820.98
2905305,Cafarnaum,2532,0.1449673651666094,2985,0.17090346959807626,2374,0.13592121836711324,1105.55
2905404,Cairu,2778,0.15641011204324082,2690,0.15145543606778897,1707,0.09610945329654862,1669.14
2905503,Caldeirão Grande,1896,0.14495412844036698,2178,0.1665137614678899,2029,0.1551223241590214,1097.31
2905602,Camacan,3156,0.13977589795827983,3782,0.1675007750564684,4014,0.17777580938039772,1560.02
2905701,Camaçari,42397,0.14114830942964057,43899,0.14614877551835723,32646,0.10868523031441013,2332.1
2905800,Camamu,5036,0.16528274639797827,5556,0.1823492730316059,4214,0.13830450621943616,1255.85
2905909,Campo Alegre de Lourdes,4973,0.16214013237259953,4978,0.16230315281536303,4697,0.15314140393205308,1192.86
2906006,Campo Formoso,10316,0.14452834946831614,11313,0.15849643442565534,10093,0.1414040937556916,1306.83
2906105,Canápolis,1443,0.1411246943765281,1697,0.16596577017114914,1692,0.1654767726161369,1146.66
2906204,Canarana,3422,0.14136990828720153,4018,0.1659919028340081,3618,0.14946707427910436,1185.73
2906303,Canavieiras,4607,0.14096013217880857,4829,0.14775265428510234,5607,0.17155707860355537,1511.12
2906402,Candeal,935,0.12030365414307771,1059,0.13625836335563563,1545,0.1987905301080803,1171.63
2906501,Candeias,9251,0.1278080185681523,10476,0.14473211571937775,10005,0.13822497305960046,1761.29
2906600,Candiba,1456,0.11186232329440689,1781,0.1368315918869084,2756,0.21173939766441302,1352.15
2906709,Cândido Sales,3180,0.1259555590763259,3993,0.15815740484017904,4514,0.17879352002218085,1282.53
2906808,Cansanção,5077,0.13560725446726676,6068,0.16207697855177755,5556,0.14840139961003232,1146.77
2906824,Canudos,2413,0.1498292455759081,2633,0.16348959950325986,2421,0.15032598571872088,1300.5
2906857,Capela do Alto Alegre,1198,0.11150409530900968,1370,0.12751303052866717,2344,0.21816827997021593,1279.52
2906873,Capim Grosso,4715,0.14186851211072665,5200,0.15646156160673988,4760,0.1432225063938619,1477.26
2906899,Caraíbas,1117,0.11237424547283702,1400,0.14084507042253522,2321,0.2335010060362173,1213.37
2906907,Caravelas,2910,0.141399416909621,3422,0.1662779397473275,3244,0.1576287657920311,1595.95
2907004,Cardeal da Silva,1292,0.1544530783024507,1477,0.17656903765690377,977,0.1167961745367603,1105.61
2907103,Carinhanha,4371,0.1514080847968409,5117,0.17724895216322006,3935,0.1363053794727909,1210.7
2907202,Casa Nova,10965,0.152109979746414,12214,0.16943650639513913,9516,0.13200898926282495,1270.61
2907301,Castro Alves,3070,0.12423114276464875,3656,0.14794431854969245,4004,0.16202654580770476,1384.51
2907400,Catolândia,518,0.15084449621432733,496,0.1444379732090856,643,0.18724519510774607,1251.66
2907509,Catu,5650,0.11734651491235358,6825,0.14175043615518818,7522,0.1562266345434909,1701.1
2907558,Caturama,1011,0.11435357991177468,1197,0.13539192399049882,1803,0.20393620631150322,1211.54
2907608,Central,2098,0.12833374113041351,2598,0.15891852214338145,2903,0.1775752385612919,1279.79
2907707,Chorrochó,1607,0.15190471689195575,1752,0.16561111636260517,1587,0.15001417903393516,1218.51
2907806,Cícero Dantas,3379,0.10932798395185557,4217,0.136441582812955,5844,0.18908337916976736,1311.91
2907905,Cipó,2562,0.14869413813116658,2762,0.16030179918746373,2410,0.13987231572838074,1353.24
2908002,Coaraci,2075,0.11971384065078175,2543,0.1467143598915364,3872,0.2233889113252178,1350.33
2908101,Cocos,2590,0.13524097958331158,2932,0.15309905487964076,3226,0.1684507336431518,1310.42
2908200,Conceição da Feira,2643,0.1270673076923077,3223,0.15495192307692307,2965,0.14254807692307692,1333.6
2908309,Conceição do Almeida,1653,0.10465999746739268,2110,0.1335950360896543,2927,0.18532354058503228,1368.27
2908408,Conceição do Coité,9383,0.13834131957242904,10279,0.15155178768890526,10032,0.1479100626612606,1458.03
2908507,Conceição do Jacuípe,4444,0.12586382689475473,5067,0.14350855330236773,4931,0.13965673501755976,1568.51
2908606,Conde,3713,0.15697133677179334,4095,0.173120825230405,3051,0.12898452692990614,1238.19
2908705,Condeúba,1979,0.11604996188353955,2299,0.13481498856506186,3651,0.21409722629449363,1347.64
2908804,Contendas do Sincorá,506,0.11677821370874683,632,0.14585737364412646,871,0.20101546272790213,1341.51
2908903,Coração de Maria,3270,0.12250861681402668,3876,0.14521204855387382,4095,0.15341675408362057,1314.91
2909000,Cordeiros,857,0.11357010336602173,959,0.12708719851576994,1661,0.22011661807580174,1348.33
2909109,Coribe,1665,0.11901358112937813,2075,0.14832022873481057,2738,0.19571122230164403,1330.87
2909208,Coronel João Sá,2207,0.12939727954971858,2749,0.1611749530956848,2471,0.14487570356472795,1193.98
2909307,Correntina,4410,0.13587207690174694,4989,0.15371106386911915,5109,0.15740826324059526,1643.85
2909406,Cotegipe,1861,0.14246344637525837,2141,0.16389803261119193,2124,0.16259664701829596,1272.94
2909505,Cravolândia,531,0.1202718006795017,683,0.15469988674971688,826,0.1870894677236693,1206.32
2909604,Crisópolis,2670,0.13533377261898727,3069,0.15555780830249885,3234,0.16392113132951494,1032.22
2909703,Cristópolis,1870,0.1336382476952762,2104,0.1503608947330808,2268,0.16208104052026012,1279.87
2909802,Cruz das Almas,7156,0.11857890899449858,8326,0.13796646119175449,9282,0.15380791409823028,1945.96
2909901,Curaçá,5332,0.15599765944997074,5711,0.1670860152135752,4526,0.13241661790520773,1237.34
2910008,Dário Meira,1501,0.13872458410351202,1810,0.16728280961182995,1930,0.17837338262476896,1226.61
2910057,Dias d'Ávila,10200,0.1426872770511296,11192,0.15656431419178848,8492,0.11879415261943065,1660.36
2910107,Dom Basílio,1340,0.1127566475934029,1602,0.1348030966004712,2066,0.17384718949848535,1298.17
2910206,Dom Macedo Costa,518,0.11754027683231223,603,0.13682777399591559,757,0.17177218062173816,1294.76
2910305,Elísio Medrado,818,0.10476434426229508,1143,0.14638831967213115,1642,0.21029713114754098,1311.95
2910404,Encruzilhada,2550,0.1334589417490972,3165,0.16564609828858534,3197,0.16732087716543675,1143.27
2910503,Entre Rios,5252,0.13785500551210036,6029,0.1582497768911754,5101,0.13389154286314242,1496.2
2910602,Esplanada,4764,0.14634146341463414,5612,0.17239048964796952,4207,0.12923143085335134,1411.49
2910701,Euclides da Cunha,7934,0.1291004946628482,9416,0.15321530851340798,10194,0.16587477219474095,1420.26
2910727,Eunápolis,16585,0.14585348694046257,17802,0.15655615161375427,14599,0.12838800457303667,2117.32
2910750,Fátima,2034,0.11366303436714166,2454,0.13713327745180218,3070,0.1715563006426376,1256.64
2910776,Feira da Mata,746,0.13248090925235304,751,0.13336885100337417,1044,0.18540223761321256,1206.34
2910800,Feira de Santana,81470,0.13219812031051223,87361,0.1417572111015915,79379,0.12880513799101695,2201.01
2910859,Filadélfia,2407,0.13449181427054813,2815,0.1572889311057719,2694,0.15052802145610997,1178.25
2910909,Firmino Alves,611,0.12538477324030373,760,0.1559614200697722,875,0.1795608454750667,1348.72
2911006,Floresta Azul,1224,0.11067908490821955,1637,0.1480242336558459,2191,0.19811917894927208,1355.9
2911105,Formosa do Rio Preto,4222,0.16301787713811344,4400,0.16989072937179042,3100,0.11969574114830689,1624.06
2911204,Gandu,4462,0.13866616943253154,5081,0.15790291503511716,4510,0.14015787183790168,1560.46
2911253,Gavião,464,0.10642201834862386,624,0.14311926605504588,933,0.2139908256880734,1274.74
2911303,Gentio do Ouro,1379,0.12669974274163912,1637,0.150404263138552,1912,0.17567070929805217,1167.5
2911402,Glória,2327,0.1498969337799536,2310,0.14880185519196085,2283,0.14706261272867818,1274.51
2911501,Gongogi,776,0.1396939693969397,860,0.1548154815481548,1022,0.18397839783978398,1237.2
2911600,Governador Mangabeira,2663,0.12924047561271537,3206,0.15559330259645718,3207,0.15564183450618782,1357.94
2911659,Guajeru,811,0.10074534161490684,1093,0.13577639751552795,1853,0.2301863354037267,1272.86
2911709,Guanambi,11317,0.1288702642996231,12065,0.13738797727091565,13507,0.1538084881059476,2001.27
2911808,Guaratinga,2484,0.13040054596041786,2964,0.15559871909286577,3612,0.18961625282167044,1321.58
2911857,Heliópolis,1344,0.10918839873263465,1737,0.14111625639775774,2150,0.1746689414249736,1214.37
2911907,Iaçu,3258,0.1324013492095745,3999,0.16251473158044458,4277,0.1738123298248466,1326.14
2912004,Ibiassucê,1009,0.0967494486527951,1338,0.12829609742065395,2283,0.2189088119666315,1486.83
2912103,Ibicaraí,2568,0.11853219478421417,3147,0.14525732748672976,4457,0.20572351719363027,1545.58
2912202,Ibicoara,3311,0.1592975703632427,3624,0.1743565070964638,2009,0.09665624248255954,1474.9
2912301,Ibicuí,1666,0.11956365724128032,2062,0.1479833500789436,2714,0.1947753695995407,1434.56
2912400,Ibipeba,2234,0.1345539962657351,2499,0.150514967174607,2886,0.1738240077094501,1205.14
2912509,Ibipitanga,1581,0.11404457909543389,1966,0.14181634566832577,2612,0.1884152059438794,1372.24
2912608,Ibiquera,487,0.13073825503355704,635,0.1704697986577181,640,0.17181208053691274,1202.46
2912707,Ibirapitanga,3625,0.14303188131313133,4543,0.1792534722222222,3741,0.14760890151515152,1186.25
2912806,Ibirapuã,1272,0.14298561151079137,1323,0.14871852517985612,1497,0.16827787769784172,1738.44
2912905,Ibirataia,2551,0.13574925500212856,2810,0.14953171562366965,3464,0.18433375904640273,1327.09
2913002,Ibitiara,1589,0.10856049736967958,2027,0.13848466215754596,3074,0.21001571360251417,1240.4
2913101,Ibititá,2227,0.1312393187577347,2465,0.1452648948081796,3025,0.1782662502209912,1221.78
2913200,Ibotirama,3913,0.14873237295222166,4163,0.15823482458474286,3775,0.14348701965106997,1510.26
2913309,Ichu,760,0.12277867528271405,863,0.1394184168012924,1146,0.1851373182552504,1326.8
2913408,Igaporã,1792,0.11541186320602821,2060,0.13267211953371547,2845,0.18322921362787403,1405.55
2913457,Igrapiúna,1944,0.14782145844422478,2082,0.15831495703748763,1728,0.13139685195042203,1217.05
2913507,Iguaí,2769,0.12884463263691778,3386,0.15755432506630682,3988,0.18556605090503,1319.9
2913606,Ilhéus,22383,0.12529037386159453,25247,0.14132180980582035,29369,0.16439498681772638,2317.01
2913705,Inhambupe,4536,0.1342408996744599,5519,0.16333234684817993,4971,0.14711453092630955,1272.69
2913804,Ipecaetá,1700,0.12400612736158728,2089,0.1523816470931505,2356,0.1718579035669998,1048.96
2913903,Ipiaú,5289,0.12993170539969537,5888,0.14464698078907287,7454,0.1831179678671449,1750.97
2914000,Ipirá,7186,0.12634503129615304,8731,0.1535093888459104,10087,0.17735072789928968,1278.81
2914109,Ipupiara,1198,0.12058379466532461,1374,0.13829894313034727,1976,0.19889280322093608,1385.45
2914208,Irajuba,755,0.12375020488444517,996,0.16325192591378462,1120,0.18357646287493853,1337.68
2914307,Iramaia,1281,0.119140625,1677,0.15597098214285715,1840,0.17113095238095238,1165.1
2914406,Iraquara,3446,0.14431090079149042,3936,0.16483102307466813,3383,0.14167259935508186,1274.95
2914505,Irará,3520,0.12552152052205542,4291,0.15301501265913062,4743,0.16913311699889455,1328.66
2914604,Irecê,10522,0.14122163018239897,11554,0.15507267773497793,8852,0.11880762881340008,2087.02
2914653,Itabela,4515,0.16030534351145037,4828,0.17141842712586544,3606,0.12803124445233446,1584.61
2914703,Itaberaba,8715,0.1339265133004472,9986,0.1534584236165537,9644,0.1482027876384983,1666.31
2914802,Itabuna,21801,0.11676521627353943,25031,0.1340649570452257,32673,0.17499517963879427,2200.5
2914901,Itacaré,4386,0.15831648859370487,4645,0.16766531908749638,3094,0.11168062373664453,1755.5
2915007,Itaeté,1961,0.14556116389548693,2277,0.1690172209026128,2183,0.16203978622327792,1174.8
2915106,Itagi,1810,0.13113091356951387,2162,0.15663261609794973,2542,0.18416286314569297,1130.38
2915205,Itagibá,2079,0.13579359895493143,2251,0.14702808621815808,2767,0.18073154800783803,1638.02
2915304,Itagimirim,929,0.14636836300614464,931,0.14668347250669608,1138,0.1792973058137703,1539.6
2915353,Itaguaçu da Bahia,1923,0.15620177077410446,2073,0.16838599626350417,1804,0.146535618552514,1084.45
2915403,Itaju do Colônia,898,0.14874937883054498,1116,0.18486002981613384,968,0.16034454199105516,1406.6
2915502,Itajuípe,2326,0.12384857036366541,2762,0.1470635216442149,3560,0.18955327192375274,1494.95
2915601,Itamaraju,8517,0.14289069708917038,9219,0.15466823253082795,9241,0.15503732908313062,1748.48
2915700,Itamari,897,0.12721599773081832,1153,0.16352290455254573,1317,0.18678201673521486,1276.18
2915809,Itambé,3142,0.12880216446667214,3592,0.14724932360416496,3784,0.15512011150282856,1337.46
2915908,Itanagra,889,0.1503212715590125,981,0.16587757862698682,799,0.13510314507947244,1146.96
2916005,Itanhém,2020,0.1134003256048953,2385,0.13389097849884915,3907,0.21933419412788413,1612.18
2916104,Itaparica,2425,0.12254282682298247,2742,0.13856182727778057,3446,0.17413714689979282,1400.75
2916203,Itapé,1306,0.12629339522289915,1584,0.15317667536988686,1704,0.16478096895851466,1436.98
2916302,Itapebi,1316,0.1434488772618269,1550,0.16895574449531284,1536,0.16742969260954874,1416.84
2916401,Itapetinga,8683,0.13176624125529235,10053,0.15255626204531314,10322,0.15663839021503256,1754.32
2916500,Itapicuru,4418,0.13946147290002842,5276,0.16654566116354683,4617,0.14574323684459736,1064.42
2916609,Itapitanga,1552,0.1509874501410643,1440,0.14009144858449266,1628,0.15838116548302364,1397.63
2916708,Itaquara,941,0.11541763767938182,1074,0.13173065129400222,1388,0.17024408193303078,1123.49
2916807,Itarantim,2224,0.13042458362655407,2477,0.1452615528970209,3046,0.17863007271874268,1444.25
2916856,Itatim,2292,0.1456440236385588,2560,0.16267395310414945,2075,0.1318548643324649,1231
2916906,Itiruçu,1359,0.12355668697154287,1587,0.1442858441676516,2150,0.19547231566506046,1325.38
2917003,Itiúba,4636,0.13686820973075106,5682,0.1677491733585262,5432,0.1603684459140293,1259.23
2917102,Itororó,2081,0.12523319492086418,2533,0.15243425407714992,3341,0.20105915628573148,1468.62
2917201,Ituaçu,2161,0.12063190800491236,2573,0.14363067991515016,3181,0.17757061516132633,1284.57
2917300,Ituberá,2902,0.13249931513103827,3625,0.1655099990868414,3428,0.15651538672267373,1399.08
2917334,Iuiu,1475,0.13266774599748157,1778,0.15992084907357437,1525,0.13716495772620976,1171.34
2917359,Jaborandi,1287,0.13876010781671158,1253,0.1350943396226415,1618,0.17444743935309973,1228.64
2917409,Jacaraci,1425,0.0987115544472153,1745,0.12087835965641452,3198,0.22152950955943473,1414.43
2917508,Jacobina,11330,0.13718367841142995,12203,0.1477539653711103,12281,0.1486983896355491,1942.67
2917607,Jaguaquara,6232,0.13558437037681664,7538,0.16399791140892872,7286,0.15851535984683665,1426.87
2917706,Jaguarari,4305,0.13163929914686726,4661,0.1425251505978045,5341,0.16331834999847109,1625.14
2917805,Jaguaripe,2179,0.12339317062121298,2831,0.16031485361572004,2585,0.14638427997055325,1074.63
2917904,Jandaíra,1427,0.1536887452880991,1703,0.18341410877759828,1197,0.12891760904684976,1156.66
2918001,Jequié,21327,0.13429001404167165,22837,0.14379805179676727,25104,0.1580727018569009,1826.1
2918100,Jeremoabo,4973,0.13216924467123797,6128,0.1628661032264923,5974,0.1587731887524584,1324.95
2918209,Jiquiriçá,1650,0.12106537530266344,2039,0.14960745469220046,2174,0.1595128035806002,1235.15
2918308,Jitaúna,1882,0.13110414489724834,2152,0.14991292232671544,2603,0.18133054684778824,1238.3
2918357,João Dourado,3781,0.15212843003138327,4454,0.17920656634746923,3258,0.1310855395509777,1284.13
2918407,Juazeiro,38195,0.16060398366838924,38082,0.16012883639375833,26109,0.10978424949857246,1900.94
2918456,Jucuruçu,1332,0.13795960642154323,1469,0.15214914552045572,1675,0.17348524080787156,1386.16
2918506,Jussara,2223,0.1359300476947536,2724,0.16656475480004893,2618,0.1600831600831601,1161.11
2918555,Jussari,737,0.12516983695652173,897,0.15234375,1110,0.18851902173913043,1361.89
2918605,Jussiape,679,0.09201788860279171,855,0.1158693589917333,1755,0.237837105298821,1243.93
2918704,Lafaiete Coutinho,470,0.11533742331288344,536,0.13153374233128834,907,0.22257668711656442,1262.42
2918753,Lagoa Real,1689,0.11974477135767458,1928,0.13668911733427863,2313,0.1639844026940801,1162.09
2918803,Laje,2581,0.12260117803534105,3266,0.1551396541896257,3066,0.14563936918107542,1147.56
2918902,Lajedão,493,0.1282184655396619,559,0.14538361508452535,770,0.20026007802340703,1660.06
2919009,Lajedinho,446,0.12645307626878366,556,0.15764105472072584,608,0.1723844627161894,1089.57
2919058,Lajedo do Tabocal,848,0.11315719242060315,1156,0.15425673872431278,1332,0.177742193755004,1163.76
2919108,Lamarão,1126,0.12490293954520244,1453,0.16117581808097614,1573,0.17448696616749862,1134.32
2919157,Lapão,3605,0.1400761579110973,4106,0.15954305253341622,3887,0.15103357165060616,1234.75
2919207,Lauro de Freitas,26420,0.1299359172974116,27111,0.13333431695117812,25457,0.12519979737472398,3669.43
2919306,Lençóis,1576,0.14627807685167998,1782,0.16539818080564322,1234,0.11453499164655652,1633.96
2919405,Licínio de Almeida,1346,0.1137400709819165,1651,0.13951326685820517,2524,0.21328375866148386,1375.51
2919504,Livramento de Nossa Senhora,5346,0.12176844406988133,5876,0.13384051203790173,7386,0.16823451700339384,1518.47
2919553,Luís Eduardo Magalhães,18870,0.17486956602322326,17784,0.16480553058595668,5533,0.05127468515137755,3105.36
2919603,Macajuba,1310,0.12531088578534533,1913,0.18299215611249284,1900,0.18174861297111153,1096.96
2919702,Macarani,2331,0.10792166303995555,3084,0.1427843881661188,3153,0.14597898050835686,1309.96
2919801,Macaúbas,5160,0.12327098115100696,6240,0.14907188418261305,7637,0.18244583004849615,1457.96
2919900,Macururé,1072,0.14773980154355015,1243,0.17130650496141125,1192,0.16427783902976847,1092.44
2919926,Madre de Deus,2318,0.12527021184608733,2569,0.13883484651967143,2608,0.14094249891915261,1772.46
2919959,Maetinga,783,0.11229026244084325,967,0.13867775706295712,1546,0.22171231894450022,1245.07
2920007,Maiquinique,1097,0.12564425609895774,1417,0.16229526972855343,1431,0.16389875157484823,1453.28
2920106,Mairi,2027,0.11468824261627249,2504,0.14167703971936177,3490,0.19746520312323187,1193.4
2920205,Malhada,2353,0.1528120535134433,2659,0.17268476425509807,2053,0.13332900376672296,1096.74
2920304,Malhada de Pedras,1030,0.11880046136101499,1167,0.13460207612456748,1610,0.18569780853517878,1764.36
2920403,Manoel Vitorino,1768,0.12756132756132757,2145,0.15476190476190477,2638,0.19033189033189032,2254.94
2920452,Mansidão,1852,0.13305553559882174,2152,0.15460880810403047,1913,0.13743803434154753,1188.03
2920502,Maracás,3592,0.13005068790731353,3960,0.14337436640115858,4558,0.16502534395365678,1472.73
2920601,Maragogipe,4187,0.11676287682311275,5475,0.15268133522964947,5408,0.1508129061044647,1119.26
2920700,Maraú,4180,0.1704244302197578,3722,0.15175113140620541,2544,0.10372242834427366,1744.16
2920809,Marcionílio Souza,1208,0.1303550232006043,1562,0.16855508794647675,1509,0.16283586921333765,1233.5
2920908,Mascote,1764,0.13024217365623153,2228,0.16450088600118135,2400,0.1772002362669817,1239.15
2921005,Mata de São João,5936,0.13945402433867407,6570,0.15434854108913218,5444,0.1278955034534605,1572.06
2921054,Matina,1331,0.12884801548886737,1708,0.16534365924491773,1625,0.15730880929332042,1226.13
2921104,Medeiros Neto,2899,0.1306208885284311,3204,0.14436334144363341,4140,0.18653690186536903,1603.95
2921203,Miguel Calmon,3214,0.13032723733830745,3714,0.15060216536231297,4532,0.18377194760958598,1329
2921302,Milagres,1478,0.1335019420106585,1698,0.15337367898112186,1787,0.16141269984644566,1206.64
2921401,Mirangaba,2131,0.13543917630608873,2493,0.15844667598830559,2562,0.16283208338629718,1021.82
2921450,Mirante,1210,0.1187788357710808,1508,0.14803180524197507,1888,0.18533424953371944,1131.32
2921500,Monte Santo,6097,0.12760569275847636,7615,0.15937630807869402,8172,0.17103390539974886,1099.43
2921609,Morpará,1106,0.1383191595797899,1276,0.15957978989494748,1539,0.1924712356178089,1137.31
2921708,Morro do Chapéu,4817,0.1433887003631601,5604,0.1668155027683515,5224,0.1555039590403048,1364.9
2921807,Mortugaba,1294,0.11612671632414968,1452,0.13030602171767028,2561,0.22983038678991294,1275.45
2921906,Mucugê,1696,0.13973799126637554,1896,0.15621652797231605,1681,0.13850210101343,1873.38
2922003,Mucuri,5904,0.15546251678647602,6047,0.1592279537614872,4820,0.1269189246122653,2026.74
2922052,Mulungu do Morro,1974,0.1500912408759124,2303,0.17510644768856448,1580,0.1201338199513382,1073.83
2922102,Mundo Novo,2139,0.1236058942502167,2827,0.16336318982952905,3165,0.18289511701820282,1251.59
2922201,Muniz Ferreira,742,0.10319888734353268,955,0.13282336578581364,1225,0.17037552155771907,1263.25
2922250,Muquém do São Francisco,1634,0.15646844776405247,1910,0.18289763477927798,1306,0.12505984870248013,1167.63
2922300,Muritiba,3509,0.12223499494896715,4127,0.14376284529905597,4592,0.15996098512557913,1532.04
2922409,Mutuípe,2574,0.1284623446623746,2875,0.1434845535758846,3239,0.16165094575036182,1429.81
2922508,Nazaré,3282,0.12128603104212861,3954,0.14611973392461197,4019,0.1485218033998522,1412.71
2922607,Nilo Peçanha,1765,0.14631517864544474,1930,0.159993368150543,1728,0.14324794827157422,1189.76
2922656,Nordestina,2658,0.14349727365977433,2880,0.15548237326566972,2483,0.13404956000647844,1171.8
2922706,Nova Canaã,1629,0.11877506379876047,2150,0.15676266861100985,2760,0.2012395187750638,1310.25
2922730,Nova Fátima,883,0.11083218275385967,1065,0.13367641521275261,1570,0.19706288439814235,1327.34
2922755,Nova Ibiá,866,0.13321027534225505,1010,0.15536071373634824,1072,0.16489770804491616,1211.88
2922805,Nova Itarana,1101,0.1415167095115681,1349,0.17339331619537274,1139,0.14640102827763496,1120.21
2922854,Nova Redenção,982,0.13027328203767577,1260,0.16715309100557177,1298,0.17219421597240647,1175.42
2922904,Nova Soure,3115,0.12852780986961546,4009,0.16541508499752433,4208,0.17362601089288662,1133.24
2923001,Nova Viçosa,6142,0.15545825001898303,6644,0.1681642157483105,5559,0.1407021185046445,1696.13
2923035,Novo Horizonte,1439,0.12891954846801648,1660,0.14871886758645403,1840,0.16484500985486472,1113.69
2923050,Novo Triunfo,1192,0.11181988742964352,1713,0.16069418386491557,1794,0.16829268292682928,1263.19
2923100,Olindina,3024,0.13361021517253568,3750,0.1656872707992754,3603,0.1591923297839438,1147.83
2923209,Oliveira dos Brejinhos,2738,0.13217475259473813,2929,0.1413951243060584,4073,0.19662080617909727,1222.73
2923308,Ouriçangas,1005,0.130248833592535,1046,0.13556246759979265,1380,0.17884914463452567,1154.08
2923357,Ourolândia,3116,0.1619290131476381,3166,0.16452736059865924,2398,0.12461674375097438,1084.44
2923407,Palmas de Monte Alto,2504,0.12471361689411296,2814,0.14015340173324037,3668,0.18268751867715907,1217.42
2923506,Palmeiras,1520,0.147016152432537,1593,0.15407679659541543,1446,0.13985878711674243,1606.13
2923605,Paramirim,2245,0.11031398948454621,2609,0.12820008844774214,3935,0.1933565918136701,1602.36
2923704,Paratinga,4441,0.15181867906467933,5151,0.17609052372487352,4473,0.1529126213592233,1145.04
2923803,Paripiranga,3135,0.11783942264321155,3867,0.14535408209291836,4481,0.1684333182980003,1277.79
2923902,Pau Brasil,1464,0.15624332977588046,1659,0.17705442902881538,1492,0.1592315901814301,1345.29
2924009,Paulo Afonso,15564,0.13789315141313016,17021,0.15080180738903162,16220,0.1437051475148401,2015.45
2924058,Pé de Serra,1610,0.121573661557049,1965,0.14838027637242315,2423,0.1829645850638073,1141.33
2924108,Pedrão,795,0.12750601443464316,936,0.15012028869286287,1149,0.18428227746591822,1101.73
2924207,Pedro Alexandre,2095,0.15013616167407196,2496,0.17887344130715208,1578,0.11308585351870432,1052.79
2924306,Piatã,2622,0.1305386836602609,3088,0.15373892263267946,3907,0.19451359155630787,1537.03
2924405,Pilão Arcado,5848,0.16539864807534577,6515,0.18426337076109398,4910,0.1388692479565574,1109.75
2924504,Pindaí,1851,0.12565338402009368,1963,0.13325639807209286,2865,0.1944878148123006,1269.36
2924603,Pindobaçu,2723,0.14269244877639783,3242,0.16988943038306345,2890,0.15144369333962165,1155.86
2924652,Pintadas,1134,0.10983050847457627,1487,0.14401937046004842,1954,0.1892493946731235,1391.05
2924678,Piraí do Norte,1502,0.13686896300346274,1648,0.1501731365044651,1334,0.12156005102970657,1180.17
2924702,Piripá,1090,0.11909965034965035,1233,0.13472465034965034,2035,0.22235576923076922,1238.36
2924801,Piritiba,2210,0.1258112262324946,2774,0.15791870659228055,3307,0.18826141409541158,1239.22
2924900,Planaltino,888,0.11069558713537771,1223,0.1524557466965844,1541,0.19209673398155075,1147.85
2925006,Planalto,2926,0.12539641724522158,3722,0.15950972829347734,4012,0.1719379446301534,1243.28
2925105,Poções,6267,0.12977036009359535,7754,0.1605615720704864,8547,0.17698217132917815,1373.01
2925204,Pojuca,4040,0.12571570823998007,4772,0.1484939009210854,4413,0.1373226288274832,1786.36
2925253,Ponto Novo,2710,0.15107592819712343,2808,0.1565391905452113,2652,0.1478425688482551,1028.77
2925303,Porto Seguro,26378,0.15670781697420483,27879,0.16562503713033044,15646,0.09295058398583701,2327.36
2925402,Potiraguá,1459,0.14200895464278762,1646,0.1602102394393615,1558,0.15164492894685613,1521.76
2925501,Prado,5722,0.16347170242550638,5769,0.16481444447618776,4742,0.13547410221980974,1784.4
2925600,Presidente Dutra,1744,0.11526768010575017,2226,0.1471249173826834,2558,0.1690680766688698,1279.4
2925709,Presidente Jânio Quadros,1454,0.11520481736787894,1726,0.1367561999841534,2632,0.20854132002218526,1197.32
2925758,Presidente Tancredo Neves,4168,0.15028484892190092,4665,0.16820509122376867,3327,0.11996105862839836,1250.14
2925808,Queimadas,3586,0.13798676312144068,3825,0.14718331537632753,4455,0.1714252732030168,1297.2
2925907,Quijingue,3221,0.12745330800886356,3910,0.15471668249446027,4561,0.1804764165875277,1120.59
2925931,Quixabeira,1134,0.11986047986470774,1358,0.1435366240355142,1799,0.19014903287178944,1171.86
2925956,Rafael Jambeiro,2576,0.131014138948225,3117,0.1585291425083918,3683,0.1873156342182891,1056.97
2926004,Remanso,5729,0.1411570492287981,6523,0.1607204454738087,6444,0.15877396146454442,1341
2926103,Retirolândia,1813,0.13281078309281372,2064,0.1511977144531536,2202,0.16130686396600982,1212.47
2926202,Riachão das Neves,3113,0.14384068015895018,3586,0.1656963312078366,3365,0.15548470566491082,1281.06
2926301,Riachão do Jacuípe,4011,0.12014017851794165,4648,0.13922003234888874,6182,0.18516743545198586,1476.99
2926400,Riacho de Santana,3836,0.12490638533424506,4648,0.1513464231057276,5320,0.17322783367523037,1250.23
2926509,Ribeira do Amparo,1877,0.13561158875803772,2161,0.15613033740336682,2172,0.15692507766779856,1106.87
2926608,Ribeira do Pombal,6971,0.12906869098315127,8305,0.15376782077393075,8521,0.15776708017033883,1516.99
2926657,Ribeirão do Largo,1317,0.13521560574948666,1548,0.1589322381930185,1575,0.16170431211498973,1155.15
2926707,Rio de Contas,1475,0.11187803398058252,1576,0.11953883495145631,2980,0.22603155339805825,1451.8
2926806,Rio do Antônio,1373,0.10444241594401339,1827,0.1389776357827476,2590,0.19701810436634717,1207.21
2926905,Rio do Pires,1123,0.10698294750881204,1396,0.13299037820329618,2230,0.21244164999523674,1414.05
2927002,Rio Real,4989,0.14108364911486906,5657,0.1599739833719812,5030,0.14224308579831457,1221.18
2927101,Rodelas,1862,0.18063639891346528,1858,0.18024835079549864,1043,0.10118354675979821,1402.74
2927200,Ruy Barbosa,3825,0.1352450321759423,4396,0.15543455201188036,4859,0.17180538858638003,1333.29
2927309,Salinas da Margarida,1995,0.1331153666510976,2398,0.16000533795956495,2296,0.15319943951424567,1192.92
2927408,Salvador,263459,0.10897191437403989,291911,0.12074023091577953,398756,0.16493346094889394,3160.73
2927507,Santa Bárbara,2668,0.12733867888507064,3264,0.15578465063001146,3248,0.15502100038182512,1200.27
2927606,Santa Brígida,2034,0.13591713999331775,2520,0.1683929168058804,2238,0.14954894754426995,1073.73
2927705,Santa Cruz Cabrália,4412,0.15117354805550798,4803,0.16457084118554052,3687,0.12633201987322254,1890.55
2927804,Santa Cruz da Vitória,618,0.13202307199316385,754,0.16107669301431318,900,0.19226660969878231,1232.28
2927903,Santa Inês,1337,0.12980582524271844,1418,0.13766990291262135,1903,0.18475728155339805,1364.58
2928000,Santaluz,5211,0.13773325580165988,5965,0.15766242004546174,5743,0.15179468203203467,1259.09
2928059,Santa Luzia,2225,0.16011801957397812,1903,0.13694588370754174,2010,0.14464594127806563,1324.51
2928109,Santa Maria da Vitória,5096,0.13200704590197906,6052,0.15677131903429697,6180,0.16008703761268261,1615.21
2928208,Santana,3075,0.1242173298323571,3843,0.15524136538073116,4671,0.18868915370632194,1360.21
2928307,Santanópolis,1055,0.12104176227627352,1398,0.1603946764570904,1575,0.18070215695273062,1209.08
2928406,Santa Rita de Cássia,4194,0.15312157721796277,4536,0.1656078860898138,4434,0.16188389923329682,1304.1
2928505,Santa Terezinha,1259,0.12058231970117805,1510,0.14462216262810076,1915,0.1834115506177569,1248.29
2928604,Santo Amaro,6738,0.12029565093194315,7686,0.13722059558666,9638,0.17207027065628794,1369.11
2928703,Santo Antônio de Jesus,12849,0.12468099558488185,13984,0.13569453204599485,12875,0.12493328805007035,1931.16
2928802,Santo Estêvão,7916,0.15142704108960134,8028,0.15356951564771598,7376,0.14109725304154871,1405.84
2928901,São Desidério,5492,0.16729621055196783,5597,0.1704946996466431,3437,0.10469720969903741,1703.4
2928950,São Domingos,918,0.10894849276050321,1189,0.14111084737716592,1709,0.20282459055305008,1281.39
2929008,São Félix,1316,0.1193542535824415,1529,0.1386722292762561,1832,0.16615272991111918,1248.86
2929057,São Félix do Coribe,2161,0.14222719494537317,2466,0.16230090825325785,2129,0.140121100434382,1545.52
2929107,São Felipe,2329,0.11482522309323079,2753,0.13572942858551496,3435,0.16935364591036828,1246.43
2929206,São Francisco do Conde,5359,0.13835747295587741,6057,0.15637828208504376,4449,0.11486329486484394,1456.92
2929255,São Gabriel,2410,0.1295698924731183,3034,0.16311827956989247,2908,0.15634408602150537,1219.24
2929305,São Gonçalo dos Campos,5443,0.13775213220965252,5867,0.148482777819958,5164,0.13069116493306002,1469.7
2929354,São José da Vitória,746,0.14035747883349012,813,0.15296331138287864,961,0.18080903104421447,1175.87
2929370,São José do Jacuípe,1350,0.13252184156277608,1642,0.16118582507116913,1760,0.1727692156670266,1317.36
2929404,São Miguel das Matas,1162,0.11244435842848849,1507,0.1458293013353977,1757,0.17002128894910007,1334.08
2929503,São Sebastião do Passé,5155,0.12586063772645148,5646,0.13784852776014453,6337,0.15471946872405878,1478.85
2929602,Sapeaçu,2158,0.1201358347714747,2598,0.14463062962756779,2796,0.15565328731280967,1327.45
2929701,Sátiro Dias,2225,0.13899300349825086,2676,0.1671664167916042,2489,0.1554847576211894,1166.26
2929750,Saubara,1356,0.11855219443958734,1595,0.13944745584892465,2135,0.18665850673194614,1173.14
2929800,Saúde,1236,0.11796144302347776,1774,0.16930711967932813,2018,0.19259400648978814,1293.78
2929909,Seabra,6449,0.13970970537261698,7342,0.15905545927209705,6602,0.14302426343154245,1545.14
2930006,Sebastião Laranjeiras,1193,0.12745726495726495,1342,0.14337606837606837,1701,0.18173076923076922,1167.65
2930105,Senhor do Bonfim,10009,0.13430752921916725,11067,0.14850448854715995,11632,0.1560860405512392,1776.36
2930154,Serra do Ramalho,5840,0.17065045876921278,5884,0.17193618140377534,4539,0.13263397814271521,1238.37
2930204,Sento Sé,6168,0.16166063846516748,6745,0.17678356135660744,4950,0.1297373800912093,1199.47
2930303,Serra Dourada,2242,0.13137231923121998,2410,0.1412164537677253,3216,0.18844486112738779,1254.2
2930402,Serra Preta,2025,0.1125250055567904,2645,0.1469771060235608,3377,0.1876528117359413,1176.52
2930501,Serrinha,10849,0.13487909492136507,12131,0.15081743022316155,11244,0.1397898924597501,1608.41
2930600,Serrolândia,1708,0.12808398950131233,1940,0.14548181477315336,2487,0.18650168728908886,1333.88
2930709,Simões Filho,15965,0.13936050419434526,17640,0.1539817910421704,13324,0.11630688117040128,1683.34
2930758,Sítio do Mato,2314,0.1725835322195704,2463,0.18369630071599044,1638,0.12216587112171838,1202.47
2930766,Sítio do Quinto,1620,0.10965951397820348,2192,0.14837879916063088,2577,0.17443985649495702,1144.55
2930774,Sobradinho,4052,0.15905789990186459,4165,0.16349362119725222,3441,0.13507360157016682,1583.41
2930808,Souto Soares,2324,0.1362730151284156,2860,0.16770259176732732,2300,0.13486572065204644,1133.74
2930907,Tabocas do Brejo Velho,1546,0.1290591869104266,1925,0.16069788797061524,2017,0.16837799482427582,1286.31
2931004,Tanhaçu,2545,0.12115586023041036,2905,0.13829382081310101,3777,0.17980576978006285,1219.77
2931053,Tanque Novo,2307,0.13445623032987528,2583,0.15054202121459379,2805,0.16348059214360647,1253.66
2931103,Tanquinho,953,0.12349358559025528,1091,0.14137618245432163,1438,0.18634184268498122,1369.51
2931202,Taperoá,2672,0.14808246508534692,3094,0.17146974063400577,2471,0.13694302815340278,1239.28
2931301,Tapiramutá,2226,0.14072575546845367,2855,0.1804905803514983,2041,0.1290302187381464,1231.82
2931350,Teixeira de Freitas,20621,0.14200225870427502,22127,0.15237301674746584,19719,0.13579082194799472,2252.41
2931400,Teodoro Sampaio,755,0.10618846694796062,1044,0.1468354430379747,1231,0.1731364275668073,1269.05
2931509,Teofilândia,2795,0.13198904420098223,3534,0.1668870419342652,3140,0.1482810729127314,1359.45
2931608,Teolândia,2322,0.15144795199582572,2450,0.1597965040438299,1927,0.12568484216018785,1290.5
2931707,Terra Nova,1335,0.12363400629746249,1601,0.14826819781441009,1790,0.16577143915539916,1315.24
2931806,Tremedal,1754,0.10763377515954836,2226,0.13659793814432988,3682,0.2259450171821306,1172.4
2931905,Tucano,6137,0.12592334208798425,7032,0.14428759028233748,8137,0.1669607682206172,1304.52
2932002,Uauá,3173,0.1286438272856274,3595,0.1457530914250963,4619,0.1872694100952767,1238.5
2932101,Ubaíra,2321,0.12461075915387093,2804,0.15054225276495223,3403,0.18270159991409857,1228.53
2932200,Ubaitaba,2550,0.14491929984087293,2790,0.15855876335530802,2875,0.16338940668333712,1601.7
2932309,Ubatã,2145,0.1332794830371567,2609,0.16211010314402882,3053,0.18969802410836337,1410.46
2932408,Uibaí,1556,0.11584276354973198,1847,0.13750744490768316,2401,0.17875223347230496,1367.8
2932457,Umburanas,2127,0.15591555490397302,2251,0.16500513121243218,1812,0.13282509895909692,1178.1
2932507,Unas,2370,0.13071534940157742,2820,0.15553471954111742,3307,0.18239479344768628,1491.3
2932606,Urandi,1836,0.11957017258222077,2161,0.1407359166395311,2847,0.18541191794203843,1499.87
2932705,Uruçuca,3126,0.14593837535014006,3416,0.15947712418300652,3346,0.15620915032679739,1688.73
2932804,Utinga,2314,0.14216378939608035,2606,0.16010321312281134,2408,0.1479388093629047,1770.85
2932903,Valença,11767,0.1373766855408324,12583,0.14690327476504583,12294,0.14352927441480356,1869.99
2933000,Valente,2952,0.12117231754371562,3533,0.14502093424185206,4048,0.16616041375913307,1433.17
2933059,Várzea da Roça,1645,0.11920289855072463,1961,0.1421014492753623,2614,0.18942028985507248,1130.15
2933109,Várzea do Poço,904,0.11159116158498951,1142,0.14097025058634735,1642,0.20269102579928405,1208.48
2933158,Várzea Nova,1950,0.1457725947521866,2089,0.15616356432682962,2182,0.16311579576885699,1155.18
2933174,Varzedo,1181,0.11913648744073439,1377,0.1389085039846666,1640,0.16543932210228993,1135.35
2933208,Vera Cruz,4978,0.11704954266500506,5922,0.1392461614427802,7851,0.18460344705965342,1651.89
2933257,Vereda,765,0.12743628185907047,880,0.14659336998167583,1167,0.19440279860069964,1417.75
2933307,Vitória da Conquista,48914,0.13188668002232534,54258,0.14629569212600335,51098,0.13777539305272068,2312.26
2933406,Wagner,1198,0.12606545301483743,1429,0.1503735662422393,1506,0.15847627065137326,1266.82
2933455,Wanderley,1843,0.14211906230721777,2078,0.16024059222702036,1995,0.15384022208513262,1432.86
2933505,Wenceslau Guimarães,3792,0.154939936258887,4125,0.16854621230693798,3277,0.13389719702541472,1102.7
2933604,Xique-Xique,7450,0.16645440936613268,7879,0.17603950220077305,6227,0.13912907478159842,1304.55
